{
    "filename": "apple_60.jpg",
    "width": 645,
    "height": 645,
    "objects": [
        {
            "class_name": "apple",
            "x_center": 0.31317829457364343,
            "y_center": 0.57984496124031,
            "width": 0.27286821705426356,
            "height": 0.26356589147286824
        },
        {
            "class_name": "apple",
            "x_center": 0.5666666666666667,
            "y_center": 0.5767441860465117,
            "width": 0.2589147286821705,
            "height": 0.23565891472868217
        },
        {
            "class_name": "apple",
            "x_center": 0.20775193798449612,
            "y_center": 0.5488372093023256,
            "width": 0.23875968992248062,
            "height": 0.21705426356589147
        },
        {
            "class_name": "apple",
            "x_center": 0.8496124031007752,
            "y_center": 0.48527131782945737,
            "width": 0.20775193798449612,
            "height": 0.22945736434108527
        }
    ]
}