{
    "filename": "apple_75.jpg",
    "width": 290,
    "height": 290,
    "objects": [
        {
            "class_name": "apple",
            "x_center": 0.503448275862069,
            "y_center": 0.5293103448275862,
            "width": 0.9724137931034482,
            "height": 0.8448275862068966
        }
    ]
}