{
    "filename": "apple_12.jpg",
    "width": 450,
    "height": 428,
    "objects": [
        {
            "class_name": "apple",
            "x_center": 0.43666666666666665,
            "y_center": 0.4369158878504673,
            "width": 0.6822222222222222,
            "height": 0.7757009345794392
        }
    ]
}