{
    "filename": "apple_6.jpg",
    "width": 950,
    "height": 587,
    "objects": [
        {
            "class_name": "apple",
            "x_center": 0.30526315789473685,
            "y_center": 0.4804088586030664,
            "width": 0.3178947368421053,
            "height": 0.534923339011925
        },
        {
            "class_name": "apple",
            "x_center": 0.7352631578947368,
            "y_center": 0.5749574105621805,
            "width": 0.29368421052631577,
            "height": 0.43100511073253833
        },
        {
            "class_name": "apple",
            "x_center": 0.4110526315789474,
            "y_center": 0.6695059625212947,
            "width": 0.29157894736842105,
            "height": 0.4122657580919932
        },
        {
            "class_name": "apple",
            "x_center": 0.8621052631578947,
            "y_center": 0.5434412265758092,
            "width": 0.25263157894736843,
            "height": 0.4565587734241908
        }
    ]
}