{
    "filename": "apple_36.jpg",
    "width": 166,
    "height": 171,
    "objects": [
        {
            "class_name": "apple",
            "x_center": 0.49096385542168675,
            "y_center": 0.52046783625731,
            "width": 0.8855421686746988,
            "height": 0.8421052631578947
        }
    ]
}