{
    "filename": "apple_25.jpg",
    "width": 350,
    "height": 241,
    "objects": [
        {
            "class_name": "apple",
            "x_center": 0.7328571428571429,
            "y_center": 0.47717842323651455,
            "width": 0.5114285714285715,
            "height": 0.7136929460580913
        }
    ]
}