{
    "filename": "apple_11.jpg",
    "width": 652,
    "height": 436,
    "objects": [
        {
            "class_name": "apple",
            "x_center": 0.5153374233128835,
            "y_center": 0.33371559633027525,
            "width": 0.3773006134969325,
            "height": 0.5160550458715596
        },
        {
            "class_name": "apple",
            "x_center": 0.14493865030674846,
            "y_center": 0.3555045871559633,
            "width": 0.28680981595092025,
            "height": 0.573394495412844
        },
        {
            "class_name": "apple",
            "x_center": 0.3473926380368098,
            "y_center": 0.2580275229357798,
            "width": 0.3389570552147239,
            "height": 0.49311926605504586
        }
    ]
}