{
    "filename": "apple_48.jpg",
    "width": 960,
    "height": 640,
    "objects": [
        {
            "class_name": "apple",
            "x_center": 0.35885416666666664,
            "y_center": 0.6,
            "width": 0.440625,
            "height": 0.659375
        },
        {
            "class_name": "apple",
            "x_center": 0.5864583333333333,
            "y_center": 0.434375,
            "width": 0.3375,
            "height": 0.509375
        }
    ]
}