{
    "filename": "apple_76.jpg",
    "width": 450,
    "height": 353,
    "objects": [
        {
            "class_name": "apple",
            "x_center": 0.3411111111111111,
            "y_center": 0.45325779036827196,
            "width": 0.5222222222222223,
            "height": 0.6912181303116147
        }
    ]
}