{
    "filename": "apple_35.jpg",
    "width": 298,
    "height": 450,
    "objects": [
        {
            "class_name": "apple",
            "x_center": 0.4395973154362416,
            "y_center": 0.51,
            "width": 0.5906040268456376,
            "height": 0.42
        }
    ]
}