{
    "filename": "apple_47.jpg",
    "width": 960,
    "height": 641,
    "objects": [
        {
            "class_name": "apple",
            "x_center": 0.34270833333333334,
            "y_center": 0.5429017160686428,
            "width": 0.5729166666666666,
            "height": 0.8611544461778471
        },
        {
            "class_name": "apple",
            "x_center": 0.6942708333333333,
            "y_center": 0.48673946957878317,
            "width": 0.459375,
            "height": 0.7301092043681747
        },
        {
            "class_name": "apple",
            "x_center": 0.8557291666666667,
            "y_center": 0.4485179407176287,
            "width": 0.28854166666666664,
            "height": 0.6224648985959438
        }
    ]
}