{
    "filename": "apple_70.jpg",
    "width": 196,
    "height": 250,
    "objects": [
        {
            "class_name": "apple",
            "x_center": 0.47959183673469385,
            "y_center": 0.608,
            "width": 0.6428571428571429,
            "height": 0.56
        }
    ]
}