{
    "filename": "apple_53.jpg",
    "width": 300,
    "height": 261,
    "objects": [
        {
            "class_name": "apple",
            "x_center": 0.495,
            "y_center": 0.6015325670498084,
            "width": 0.69,
            "height": 0.7969348659003831
        }
    ]
}