{
    "filename": "apple_31.jpg",
    "width": 780,
    "height": 439,
    "objects": [
        {
            "class_name": "apple",
            "x_center": 0.6903846153846154,
            "y_center": 0.6195899772209568,
            "width": 0.6012820512820513,
            "height": 0.7608200455580866
        },
        {
            "class_name": "apple",
            "x_center": 0.30641025641025643,
            "y_center": 0.5455580865603644,
            "width": 0.6051282051282051,
            "height": 0.908883826879271
        }
    ]
}