{
    "filename": "apple_18.jpg",
    "width": 610,
    "height": 458,
    "objects": [
        {
            "class_name": "apple",
            "x_center": 0.5032786885245901,
            "y_center": 0.5971615720524017,
            "width": 0.5344262295081967,
            "height": 0.6004366812227074
        }
    ]
}