{
    "filename": "apple_7.jpg",
    "width": 1300,
    "height": 1332,
    "objects": [
        {
            "class_name": "apple",
            "x_center": 0.5492307692307692,
            "y_center": 0.5045045045045045,
            "width": 0.6569230769230769,
            "height": 0.6591591591591591
        }
    ]
}