{
    "filename": "apple_58.jpg",
    "width": 720,
    "height": 810,
    "objects": [
        {
            "class_name": "apple",
            "x_center": 0.5680555555555555,
            "y_center": 0.7061728395061728,
            "width": 0.6722222222222223,
            "height": 0.5876543209876544
        },
        {
            "class_name": "apple",
            "x_center": 0.25625,
            "y_center": 0.45493827160493827,
            "width": 0.5097222222222222,
            "height": 0.5839506172839506
        }
    ]
}