{
    "filename": "apple_32.jpg",
    "width": 1320,
    "height": 947,
    "objects": [
        {
            "class_name": "apple",
            "x_center": 0.6761363636363636,
            "y_center": 0.5216473072861668,
            "width": 0.5143939393939394,
            "height": 0.7898627243928195
        }
    ]
}