{
    "filename": "apple_68.jpg",
    "width": 1010,
    "height": 1010,
    "objects": [
        {
            "class_name": "apple",
            "x_center": 0.6722772277227723,
            "y_center": 0.498019801980198,
            "width": 0.5584158415841585,
            "height": 0.5742574257425742
        },
        {
            "class_name": "apple",
            "x_center": 0.3306930693069307,
            "y_center": 0.4163366336633663,
            "width": 0.5069306930693069,
            "height": 0.48415841584158414
        }
    ]
}