{
    "filename": "banana_43.jpg",
    "width": 437,
    "height": 290,
    "objects": [
        {
            "class_name": "banana",
            "x_center": 0.700228832951945,
            "y_center": 0.33448275862068966,
            "width": 0.5308924485125858,
            "height": 0.5862068965517241
        },
        {
            "class_name": "banana",
            "x_center": 0.6006864988558352,
            "y_center": 0.44655172413793104,
            "width": 0.4233409610983982,
            "height": 0.596551724137931
        },
        {
            "class_name": "banana",
            "x_center": 0.4919908466819222,
            "y_center": 0.5206896551724138,
            "width": 0.34324942791762014,
            "height": 0.6551724137931034
        },
        {
            "class_name": "banana",
            "x_center": 0.2951945080091533,
            "y_center": 0.6293103448275862,
            "width": 0.19679633867276888,
            "height": 0.7413793103448276
        }
    ]
}