{
    "filename": "banana_6.jpg",
    "width": 2091,
    "height": 1394,
    "objects": [
        {
            "class_name": "banana",
            "x_center": 0.5619320899091343,
            "y_center": 0.46413199426111906,
            "width": 0.2735533237685318,
            "height": 0.7173601147776184
        }
    ]
}