{
    "filename": "banana_11.jpg",
    "width": 300,
    "height": 300,
    "objects": [
        {
            "class_name": "banana",
            "x_center": 0.47833333333333333,
            "y_center": 0.5016666666666667,
            "width": 0.49666666666666665,
            "height": 0.7166666666666667
        }
    ]
}