{
    "filename": "banana_28.jpg",
    "width": 1008,
    "height": 1008,
    "objects": [
        {
            "class_name": "banana",
            "x_center": 0.4880952380952381,
            "y_center": 0.49503968253968256,
            "width": 0.8948412698412699,
            "height": 0.4742063492063492
        }
    ]
}