{
    "filename": "banana_5.jpg",
    "width": 1200,
    "height": 1800,
    "objects": [
        {
            "class_name": "banana",
            "x_center": 0.64125,
            "y_center": 0.5802777777777778,
            "width": 0.6725,
            "height": 0.5216666666666666
        },
        {
            "class_name": "banana",
            "x_center": 0.4404166666666667,
            "y_center": 0.47944444444444445,
            "width": 0.8041666666666667,
            "height": 0.37666666666666665
        },
        {
            "class_name": "banana",
            "x_center": 0.375,
            "y_center": 0.35777777777777775,
            "width": 0.7483333333333333,
            "height": 0.2722222222222222
        },
        {
            "class_name": "banana",
            "x_center": 0.46208333333333335,
            "y_center": 0.2786111111111111,
            "width": 0.6508333333333334,
            "height": 0.32166666666666666
        }
    ]
}