{
    "filename": "banana_22.jpg",
    "width": 640,
    "height": 417,
    "objects": [
        {
            "class_name": "banana",
            "x_center": 0.6703125,
            "y_center": 0.6510791366906474,
            "width": 0.35,
            "height": 0.5539568345323741
        },
        {
            "class_name": "banana",
            "x_center": 0.36640625,
            "y_center": 0.6594724220623501,
            "width": 0.5828125,
            "height": 0.4460431654676259
        },
        {
            "class_name": "banana",
            "x_center": 0.41953125,
            "y_center": 0.434052757793765,
            "width": 0.5859375,
            "height": 0.354916067146283
        }
    ]
}