{
    "filename": "banana_21.jpg",
    "width": 780,
    "height": 439,
    "objects": [
        {
            "class_name": "banana",
            "x_center": 0.5006410256410256,
            "y_center": 0.5113895216400911,
            "width": 0.5551282051282052,
            "height": 0.7403189066059226
        },
        {
            "class_name": "banana",
            "x_center": 0.6525641025641026,
            "y_center": 0.5876993166287016,
            "width": 0.4794871794871795,
            "height": 0.8246013667425968
        },
        {
            "class_name": "banana",
            "x_center": 0.43012820512820515,
            "y_center": 0.38838268792710706,
            "width": 0.5628205128205128,
            "height": 0.5580865603644647
        }
    ]
}