{
    "filename": "banana_9.jpg",
    "width": 2048,
    "height": 2728,
    "objects": [
        {
            "class_name": "banana",
            "x_center": 0.55419921875,
            "y_center": 0.34824046920821117,
            "width": 0.3056640625,
            "height": 0.41715542521994137
        }
    ]
}