{
    "filename": "banana_8.jpg",
    "width": 1920,
    "height": 1280,
    "objects": [
        {
            "class_name": "banana",
            "x_center": 0.5466145833333333,
            "y_center": 0.426171875,
            "width": 0.5765625,
            "height": 0.58984375
        },
        {
            "class_name": "banana",
            "x_center": 0.43463541666666666,
            "y_center": 0.724609375,
            "width": 0.6619791666666667,
            "height": 0.53203125
        },
        {
            "class_name": "banana",
            "x_center": 0.6690104166666667,
            "y_center": 0.2390625,
            "width": 0.5078125,
            "height": 0.4765625
        },
        {
            "class_name": "banana",
            "x_center": 0.7729166666666667,
            "y_center": 0.215234375,
            "width": 0.45,
            "height": 0.42890625
        }
    ]
}