{
    "filename": "banana_64.jpg",
    "width": 673,
    "height": 421,
    "objects": [
        {
            "class_name": "banana",
            "x_center": 0.537147102526003,
            "y_center": 0.5296912114014252,
            "width": 0.6820208023774146,
            "height": 0.5938242280285035
        }
    ]
}