{
    "filename": "banana_47.jpg",
    "width": 350,
    "height": 263,
    "objects": [
        {
            "class_name": "banana",
            "x_center": 0.4928571428571429,
            "y_center": 0.6159695817490495,
            "width": 0.9685714285714285,
            "height": 0.7680608365019012
        }
    ]
}