{
    "filename": "banana_42.jpg",
    "width": 1200,
    "height": 630,
    "objects": [
        {
            "class_name": "banana",
            "x_center": 0.37375,
            "y_center": 0.5,
            "width": 0.5391666666666667,
            "height": 0.5777777777777777
        }
    ]
}