{
    "filename": "banana_41.jpg",
    "width": 1920,
    "height": 1080,
    "objects": [
        {
            "class_name": "banana",
            "x_center": 0.49296875,
            "y_center": 0.5509259259259259,
            "width": 0.7848958333333333,
            "height": 0.7185185185185186
        }
    ]
}