{
    "filename": "banana_3.jpg",
    "width": 768,
    "height": 511,
    "objects": [
        {
            "class_name": "banana",
            "x_center": 0.5384114583333334,
            "y_center": 0.5841487279843445,
            "width": 0.6080729166666666,
            "height": 0.538160469667319
        },
        {
            "class_name": "banana",
            "x_center": 0.529296875,
            "y_center": 0.4207436399217221,
            "width": 0.5638020833333334,
            "height": 0.4500978473581213
        }
    ]
}