{
    "filename": "banana_66.jpg",
    "width": 425,
    "height": 282,
    "objects": [
        {
            "class_name": "banana",
            "x_center": 0.4152941176470588,
            "y_center": 0.39361702127659576,
            "width": 0.7364705882352941,
            "height": 0.44680851063829785
        },
        {
            "class_name": "banana",
            "x_center": 0.6670588235294118,
            "y_center": 0.6187943262411347,
            "width": 0.5247058823529411,
            "height": 0.7624113475177305
        },
        {
            "class_name": "banana",
            "x_center": 0.4776470588235294,
            "y_center": 0.5336879432624113,
            "width": 0.6870588235294117,
            "height": 0.5283687943262412
        }
    ]
}