{
    "filename": "banana_48.jpg",
    "width": 1280,
    "height": 720,
    "objects": [
        {
            "class_name": "banana",
            "x_center": 0.337109375,
            "y_center": 0.14930555555555555,
            "width": 0.62890625,
            "height": 0.29583333333333334
        }
    ]
}