{
    "filename": "banana_10.jpg",
    "width": 720,
    "height": 480,
    "objects": [
        {
            "class_name": "banana",
            "x_center": 0.5388888888888889,
            "y_center": 0.528125,
            "width": 0.8361111111111111,
            "height": 0.94375
        },
        {
            "class_name": "banana",
            "x_center": 0.5270833333333333,
            "y_center": 0.315625,
            "width": 0.7930555555555555,
            "height": 0.61875
        },
        {
            "class_name": "banana",
            "x_center": 0.5173611111111112,
            "y_center": 0.23229166666666667,
            "width": 0.7097222222222223,
            "height": 0.4354166666666667
        },
        {
            "class_name": "banana",
            "x_center": 0.8604166666666667,
            "y_center": 0.653125,
            "width": 0.2763888888888889,
            "height": 0.69375
        }
    ]
}