{
    "filename": "banana_73.jpg",
    "width": 1920,
    "height": 1080,
    "objects": [
        {
            "class_name": "banana",
            "x_center": 0.41796875,
            "y_center": 0.5060185185185185,
            "width": 0.6838541666666667,
            "height": 0.9879629629629629
        }
    ]
}