{
    "filename": "banana_13.jpg",
    "width": 2850,
    "height": 2850,
    "objects": [
        {
            "class_name": "banana",
            "x_center": 0.5003508771929824,
            "y_center": 0.4654385964912281,
            "width": 0.9585964912280702,
            "height": 0.8712280701754386
        }
    ]
}