{
    "filename": "banana_36.jpg",
    "width": 620,
    "height": 387,
    "objects": [
        {
            "class_name": "banana",
            "x_center": 0.46048387096774196,
            "y_center": 0.5749354005167958,
            "width": 0.682258064516129,
            "height": 0.8501291989664083
        }
    ]
}