{
    "filename": "banana_55.jpg",
    "width": 1360,
    "height": 2104,
    "objects": [
        {
            "class_name": "banana",
            "x_center": 0.3286764705882353,
            "y_center": 0.6178707224334601,
            "width": 0.4661764705882353,
            "height": 0.4752851711026616
        },
        {
            "class_name": "banana",
            "x_center": 0.5944852941176471,
            "y_center": 0.5465779467680608,
            "width": 0.3860294117647059,
            "height": 0.502851711026616
        }
    ]
}