{
    "filename": "banana_58.jpg",
    "width": 700,
    "height": 350,
    "objects": [
        {
            "class_name": "banana",
            "x_center": 0.6621428571428571,
            "y_center": 0.2842857142857143,
            "width": 0.5528571428571428,
            "height": 0.5514285714285714
        },
        {
            "class_name": "banana",
            "x_center": 0.15928571428571428,
            "y_center": 0.44571428571428573,
            "width": 0.21285714285714286,
            "height": 0.46285714285714286
        },
        {
            "class_name": "banana",
            "x_center": 0.5642857142857143,
            "y_center": 0.6185714285714285,
            "width": 0.7742857142857142,
            "height": 0.54
        }
    ]
}