{
    "filename": "banana_30.jpg",
    "width": 444,
    "height": 354,
    "objects": [
        {
            "class_name": "banana",
            "x_center": 0.5101351351351351,
            "y_center": 0.7090395480225988,
            "width": 0.9436936936936937,
            "height": 0.5480225988700564
        },
        {
            "class_name": "banana",
            "x_center": 0.6058558558558559,
            "y_center": 0.4505649717514124,
            "width": 0.7252252252252253,
            "height": 0.3870056497175141
        },
        {
            "class_name": "banana",
            "x_center": 0.5664414414414415,
            "y_center": 0.2923728813559322,
            "width": 0.6193693693693694,
            "height": 0.3813559322033898
        }
    ]
}