{
    "filename": "banana_50.jpg",
    "width": 620,
    "height": 413,
    "objects": [
        {
            "class_name": "banana",
            "x_center": 0.7153225806451613,
            "y_center": 0.5435835351089588,
            "width": 0.22741935483870968,
            "height": 0.5835351089588378
        },
        {
            "class_name": "banana",
            "x_center": 0.5483870967741935,
            "y_center": 0.5411622276029056,
            "width": 0.13548387096774195,
            "height": 0.6319612590799032
        },
        {
            "class_name": "banana",
            "x_center": 0.4120967741935484,
            "y_center": 0.5556900726392252,
            "width": 0.11774193548387096,
            "height": 0.5786924939467313
        },
        {
            "class_name": "banana",
            "x_center": 0.2717741935483871,
            "y_center": 0.5702179176755447,
            "width": 0.1532258064516129,
            "height": 0.5738498789346247
        }
    ]
}