{
    "filename": "mixed_8.jpg",
    "width": 800,
    "height": 757,
    "objects": [
        {
            "class_name": "orange",
            "x_center": 0.4,
            "y_center": 0.44121532364597094,
            "width": 0.4475,
            "height": 0.47291941875825627
        },
        {
            "class_name": "banana",
            "x_center": 0.469375,
            "y_center": 0.4775429326287979,
            "width": 0.74625,
            "height": 0.6036988110964333
        }
    ]
}