{
    "filename": "mixed_4.jpg",
    "width": 640,
    "height": 857,
    "objects": [
        {
            "class_name": "orange",
            "x_center": 0.61796875,
            "y_center": 0.29229871645274214,
            "width": 0.2578125,
            "height": 0.22753792298716452
        },
        {
            "class_name": "apple",
            "x_center": 0.34921875,
            "y_center": 0.30280046674445743,
            "width": 0.3015625,
            "height": 0.2602100350058343
        },
        {
            "class_name": "banana",
            "x_center": 0.53984375,
            "y_center": 0.5746791131855309,
            "width": 0.8515625,
            "height": 0.2952158693115519
        }
    ]
}