{
    "filename": "mixed_14.jpg",
    "width": 1360,
    "height": 1223,
    "objects": [
        {
            "class_name": "banana",
            "x_center": 0.4540441176470588,
            "y_center": 0.6377759607522485,
            "width": 0.7139705882352941,
            "height": 0.6410466067048242
        },
        {
            "class_name": "apple",
            "x_center": 0.5566176470588236,
            "y_center": 0.6103843008994276,
            "width": 0.4588235294117647,
            "height": 0.4897792313982011
        }
    ]
}