{
    "filename": "mixed_20.jpg",
    "width": 350,
    "height": 306,
    "objects": [
        {
            "class_name": "orange",
            "x_center": 0.5057142857142857,
            "y_center": 0.5049019607843137,
            "width": 0.72,
            "height": 0.8464052287581699
        }
    ]
}