{
    "filename": "mixed_3.jpg",
    "width": 800,
    "height": 657,
    "objects": [
        {
            "class_name": "orange",
            "x_center": 0.7775,
            "y_center": 0.7595129375951294,
            "width": 0.3875,
            "height": 0.4809741248097412
        },
        {
            "class_name": "banana",
            "x_center": 0.39125,
            "y_center": 0.4756468797564688,
            "width": 0.7575,
            "height": 0.3302891933028919
        },
        {
            "class_name": "banana",
            "x_center": 0.42625,
            "y_center": 0.5928462709284628,
            "width": 0.8125,
            "height": 0.3881278538812785
        },
        {
            "class_name": "apple",
            "x_center": 0.24375,
            "y_center": 0.2823439878234399,
            "width": 0.3275,
            "height": 0.4459665144596651
        }
    ]
}