{
    "filename": "mixed_1.jpg",
    "width": 800,
    "height": 564,
    "objects": [
        {
            "class_name": "orange",
            "x_center": 0.4275,
            "y_center": 0.37322695035460995,
            "width": 0.3025,
            "height": 0.4521276595744681
        },
        {
            "class_name": "apple",
            "x_center": 0.69125,
            "y_center": 0.48936170212765956,
            "width": 0.2825,
            "height": 0.45390070921985815
        },
        {
            "class_name": "banana",
            "x_center": 0.425625,
            "y_center": 0.6702127659574468,
            "width": 0.71625,
            "height": 0.5319148936170213
        }
    ]
}