{
    "filename": "mixed_2.jpg",
    "width": 1300,
    "height": 957,
    "objects": [
        {
            "class_name": "orange",
            "x_center": 0.7569230769230769,
            "y_center": 0.6003134796238244,
            "width": 0.2907692307692308,
            "height": 0.42946708463949845
        },
        {
            "class_name": "banana",
            "x_center": 0.39076923076923076,
            "y_center": 0.27377220480668757,
            "width": 0.5553846153846154,
            "height": 0.44723092998955066
        },
        {
            "class_name": "banana",
            "x_center": 0.38769230769230767,
            "y_center": 0.5109717868338558,
            "width": 0.5153846153846153,
            "height": 0.64576802507837
        }
    ]
}