{
    "filename": "orange_12.jpg",
    "width": 640,
    "height": 336,
    "objects": [
        {
            "class_name": "orange",
            "x_center": 0.53046875,
            "y_center": 0.5669642857142857,
            "width": 0.5640625,
            "height": 0.8660714285714286
        }
    ]
}