{
    "filename": "orange_14.jpg",
    "width": 300,
    "height": 293,
    "objects": [
        {
            "class_name": "orange",
            "x_center": 0.49166666666666664,
            "y_center": 0.5085324232081911,
            "width": 0.83,
            "height": 0.7918088737201365
        }
    ]
}