{
    "filename": "orange_6.jpg",
    "width": 333,
    "height": 240,
    "objects": [
        {
            "class_name": "orange",
            "x_center": 0.493993993993994,
            "y_center": 0.49583333333333335,
            "width": 0.5615615615615616,
            "height": 0.8416666666666667
        }
    ]
}