{
    "filename": "apple_54",
    "objects": [
        {
            "class_name": "apple",
            "x_center": 0.3817204301075269,
            "y_center": 0.6052350427350427,
            "width": 0.5933528836754643,
            "height": 0.6442307692307693
        }
    ]
}