{
    "filename": "apple_41",
    "objects": [
        {
            "class_name": "apple",
            "x_center": 0.7115384615384616,
            "y_center": 0.5435540069686411,
            "width": 0.5710059171597633,
            "height": 0.7038327526132404
        }
    ]
}