{
    "filename": "apple_14",
    "objects": [
        {
            "class_name": "apple",
            "x_center": 0.5197916666666667,
            "y_center": 0.51328125,
            "width": 0.3770833333333333,
            "height": 0.5703125
        }
    ]
}