{
    "filename": "apple_45",
    "objects": [
        {
            "class_name": "apple",
            "x_center": 0.32641196013289037,
            "y_center": 0.5741150442477876,
            "width": 0.5398671096345515,
            "height": 0.7278761061946902
        },
        {
            "class_name": "apple",
            "x_center": 0.7300664451827242,
            "y_center": 0.459070796460177,
            "width": 0.45016611295681064,
            "height": 0.6438053097345132
        }
    ]
}