{
    "filename": "apple_66",
    "objects": [
        {
            "class_name": "apple",
            "x_center": 0.276875,
            "y_center": 0.4091666666666667,
            "width": 0.43875,
            "height": 0.6216666666666667
        },
        {
            "class_name": "apple",
            "x_center": 0.708125,
            "y_center": 0.4975,
            "width": 0.50875,
            "height": 0.7183333333333334
        }
    ]
}