{
    "filename": "apple_56",
    "objects": [
        {
            "class_name": "apple",
            "x_center": 0.5041666666666667,
            "y_center": 0.5616666666666666,
            "width": 0.4266666666666667,
            "height": 0.6188888888888889
        }
    ]
}