{
    "filename": "apple_55",
    "objects": [
        {
            "class_name": "apple",
            "x_center": 0.2742857142857143,
            "y_center": 0.5258620689655172,
            "width": 0.3142857142857143,
            "height": 0.47413793103448276
        },
        {
            "class_name": "apple",
            "x_center": 0.48142857142857143,
            "y_center": 0.3771551724137931,
            "width": 0.2885714285714286,
            "height": 0.40948275862068967
        },
        {
            "class_name": "apple",
            "x_center": 0.7857142857142857,
            "y_center": 0.4676724137931034,
            "width": 0.29714285714285715,
            "height": 0.47844827586206895
        }
    ]
}