{
    "filename": "apple_57",
    "objects": [
        {
            "class_name": "apple",
            "x_center": 0.4975,
            "y_center": 0.5056285178236398,
            "width": 0.63,
            "height": 0.9887429643527205
        }
    ]
}