{
    "filename": "apple_9",
    "objects": [
        {
            "class_name": "apple",
            "x_center": 0.5471428571428572,
            "y_center": 0.6047619047619047,
            "width": 0.5685714285714286,
            "height": 0.7904761904761904
        }
    ]
}