{
    "filename": "apple_22",
    "objects": [
        {
            "class_name": "apple",
            "x_center": 0.5086580086580087,
            "y_center": 0.5966810966810967,
            "width": 0.6248196248196248,
            "height": 0.6190476190476191
        }
    ]
}