{
    "filename": "apple_16",
    "objects": [
        {
            "class_name": "apple",
            "x_center": 0.4264264264264264,
            "y_center": 0.5733333333333334,
            "width": 0.7687687687687688,
            "height": 0.8533333333333334
        }
    ]
}