{
    "filename": "apple_39",
    "objects": [
        {
            "class_name": "apple",
            "x_center": 0.2822108345534407,
            "y_center": 0.6399739583333334,
            "width": 0.2774524158125915,
            "height": 0.4544270833333333
        }
    ]
}