{
    "filename": "apple_62",
    "objects": [
        {
            "class_name": "apple",
            "x_center": 0.47244897959183674,
            "y_center": 0.5705882352941176,
            "width": 0.5489795918367347,
            "height": 0.7764705882352941
        }
    ]
}