{
    "filename": "apple_10",
    "objects": [
        {
            "class_name": "apple",
            "x_center": 0.48966666666666664,
            "y_center": 0.506,
            "width": 0.9046666666666666,
            "height": 0.88
        }
    ]
}