{
    "filename": "apple_26",
    "objects": [
        {
            "class_name": "apple",
            "x_center": 0.61,
            "y_center": 0.578838174273859,
            "width": 0.5057142857142857,
            "height": 0.6763485477178424
        }
    ]
}