{
    "filename": "apple_38",
    "objects": [
        {
            "class_name": "apple",
            "x_center": 0.40576923076923077,
            "y_center": 0.49388489208633096,
            "width": 0.7530769230769231,
            "height": 0.7158273381294964
        }
    ]
}