{
    "filename": "apple_40",
    "objects": [
        {
            "class_name": "apple",
            "x_center": 0.5419354838709678,
            "y_center": 0.45348837209302323,
            "width": 0.432258064516129,
            "height": 0.7157622739018088
        }
    ]
}