{
    "filename": "apple_71",
    "objects": [
        {
            "class_name": "apple",
            "x_center": 0.6888379204892966,
            "y_center": 0.529891304347826,
            "width": 0.40214067278287463,
            "height": 0.782608695652174
        },
        {
            "class_name": "apple",
            "x_center": 0.31880733944954126,
            "y_center": 0.391304347826087,
            "width": 0.39602446483180426,
            "height": 0.6847826086956522
        }
    ]
}