{
    "filename": "apple_33",
    "objects": [
        {
            "class_name": "apple",
            "x_center": 0.500625,
            "y_center": 0.5006273525721455,
            "width": 0.77375,
            "height": 0.7703889585947302
        }
    ]
}