{
    "filename": "apple_49",
    "objects": [
        {
            "class_name": "apple",
            "x_center": 0.4981549815498155,
            "y_center": 0.63,
            "width": 0.8856088560885609,
            "height": 0.68
        }
    ]
}