{
    "filename": "apple_24",
    "objects": [
        {
            "class_name": "apple",
            "x_center": 0.45185512367491165,
            "y_center": 0.6724646226415094,
            "width": 0.7093639575971732,
            "height": 0.4840801886792453
        },
        {
            "class_name": "apple",
            "x_center": 0.18021201413427562,
            "y_center": 0.1821933962264151,
            "width": 0.3586572438162544,
            "height": 0.3632075471698113
        },
        {
            "class_name": "apple",
            "x_center": 0.3215547703180212,
            "y_center": 0.16538915094339623,
            "width": 0.45936395759717313,
            "height": 0.326061320754717
        }
    ]
}