{
    "filename": "banana_23",
    "objects": [
        {
            "class_name": "banana",
            "x_center": 0.4925,
            "y_center": 0.5841269841269842,
            "width": 0.9833333333333333,
            "height": 0.7396825396825397
        }
    ]
}