{
    "filename": "banana_49",
    "objects": [
        {
            "class_name": "banana",
            "x_center": 0.5242424242424243,
            "y_center": 0.4984848484848485,
            "width": 0.7606060606060606,
            "height": 0.6151515151515151
        }
    ]
}