{
    "filename": "banana_33",
    "objects": [
        {
            "class_name": "banana",
            "x_center": 0.5271587743732591,
            "y_center": 0.5009765625,
            "width": 0.9345403899721448,
            "height": 0.501953125
        }
    ]
}