{
    "filename": "banana_1",
    "objects": [
        {
            "class_name": "banana",
            "x_center": 0.48614958448753465,
            "y_center": 0.5591133004926109,
            "width": 0.7257617728531855,
            "height": 0.8817733990147784
        }
    ]
}