{
    "filename": "banana_7",
    "objects": [
        {
            "class_name": "banana",
            "x_center": 0.4479674796747967,
            "y_center": 0.5052023121387283,
            "width": 0.3203252032520325,
            "height": 0.8901734104046243
        }
    ]
}