{
    "filename": "banana_31",
    "objects": [
        {
            "class_name": "banana",
            "x_center": 0.5965417867435159,
            "y_center": 0.5574412532637075,
            "width": 0.6138328530259366,
            "height": 0.8642297650130548
        }
    ]
}