{
    "filename": "banana_67",
    "objects": [
        {
            "class_name": "banana",
            "x_center": 0.5014084507042254,
            "y_center": 0.48732394366197185,
            "width": 0.895774647887324,
            "height": 0.856338028169014
        }
    ]
}