{
    "filename": "banana_14",
    "objects": [
        {
            "class_name": "banana",
            "x_center": 0.34922178988326846,
            "y_center": 0.3639896373056995,
            "width": 0.6050583657587548,
            "height": 0.7020725388601037
        },
        {
            "class_name": "banana",
            "x_center": 0.448443579766537,
            "y_center": 0.5414507772020726,
            "width": 0.5077821011673151,
            "height": 0.7461139896373057
        }
    ]
}