{
    "filename": "banana_26",
    "objects": [
        {
            "class_name": "banana",
            "x_center": 0.4878205128205128,
            "y_center": 0.5686274509803921,
            "width": 0.6448717948717949,
            "height": 0.6029411764705882
        }
    ]
}