{
    "filename": "banana_46",
    "objects": [
        {
            "class_name": "banana",
            "x_center": 0.5,
            "y_center": 0.589041095890411,
            "width": 0.9223744292237442,
            "height": 0.6575342465753424
        }
    ]
}