{
    "filename": "banana_17",
    "objects": [
        {
            "class_name": "banana",
            "x_center": 0.3109375,
            "y_center": 0.40161290322580645,
            "width": 0.265625,
            "height": 0.4645161290322581
        },
        {
            "class_name": "banana",
            "x_center": 0.6,
            "y_center": 0.4612903225806452,
            "width": 0.175,
            "height": 0.5096774193548387
        },
        {
            "class_name": "banana",
            "x_center": 0.68046875,
            "y_center": 0.34919354838709676,
            "width": 0.2359375,
            "height": 0.41451612903225804
        },
        {
            "class_name": "banana",
            "x_center": 0.44921875,
            "y_center": 0.4830645161290323,
            "width": 0.1734375,
            "height": 0.5112903225806451
        }
    ]
}