{
    "filename": "banana_32",
    "objects": [
        {
            "class_name": "banana",
            "x_center": 0.44642857142857145,
            "y_center": 0.3,
            "width": 0.4336734693877551,
            "height": 0.5875
        },
        {
            "class_name": "banana",
            "x_center": 0.6556122448979592,
            "y_center": 0.4375,
            "width": 0.6785714285714286,
            "height": 0.5
        },
        {
            "class_name": "banana",
            "x_center": 0.12244897959183673,
            "y_center": 0.39375,
            "width": 0.23469387755102042,
            "height": 0.45
        },
        {
            "class_name": "banana",
            "x_center": 0.23979591836734693,
            "y_center": 0.30625,
            "width": 0.30612244897959184,
            "height": 0.525
        }
    ]
}