{
    "filename": "banana_69",
    "objects": [
        {
            "class_name": "banana",
            "x_center": 0.45,
            "y_center": 0.6296875,
            "width": 0.6228571428571429,
            "height": 0.740625
        }
    ]
}