{
    "filename": "banana_62",
    "objects": [
        {
            "class_name": "banana",
            "x_center": 0.459375,
            "y_center": 0.7166666666666667,
            "width": 0.75,
            "height": 0.5666666666666667
        }
    ]
}