{
    "filename": "banana_29",
    "objects": [
        {
            "class_name": "banana",
            "x_center": 0.47375,
            "y_center": 0.5783333333333334,
            "width": 0.69,
            "height": 0.45666666666666667
        }
    ]
}