{
    "filename": "banana_63",
    "objects": [
        {
            "class_name": "banana",
            "x_center": 0.5423076923076923,
            "y_center": 0.41726296958855097,
            "width": 0.8015384615384615,
            "height": 0.43917710196779963
        },
        {
            "class_name": "banana",
            "x_center": 0.415,
            "y_center": 0.436046511627907,
            "width": 0.7253846153846154,
            "height": 0.47137745974955275
        }
    ]
}