{
    "filename": "banana_16",
    "objects": [
        {
            "class_name": "banana",
            "x_center": 0.471,
            "y_center": 0.4764705882352941,
            "width": 0.892,
            "height": 0.8184873949579832
        }
    ]
}