{
    "filename": "banana_70",
    "objects": [
        {
            "class_name": "banana",
            "x_center": 0.4141752577319588,
            "y_center": 0.3472222222222222,
            "width": 0.8108247422680412,
            "height": 0.6922222222222222
        }
    ]
}