{
    "filename": "banana_76",
    "objects": [
        {
            "class_name": "banana",
            "x_center": 0.49166666666666664,
            "y_center": 0.6555555555555556,
            "width": 0.9766666666666667,
            "height": 0.6444444444444445
        }
    ]
}