{
    "filename": "banana_59",
    "objects": [
        {
            "class_name": "banana",
            "x_center": 0.41552197802197804,
            "y_center": 0.5371134020618556,
            "width": 0.6085164835164835,
            "height": 0.8144329896907216
        }
    ]
}