{
    "filename": "banana_24",
    "objects": [
        {
            "class_name": "banana",
            "x_center": 0.4640625,
            "y_center": 0.6896024464831805,
            "width": 0.60625,
            "height": 0.5351681957186545
        }
    ]
}