{
    "filename": "banana_20",
    "objects": [
        {
            "class_name": "banana",
            "x_center": 0.3776,
            "y_center": 0.5814285714285714,
            "width": 0.5056,
            "height": 0.8371428571428572
        },
        {
            "class_name": "banana",
            "x_center": 0.5712,
            "y_center": 0.39,
            "width": 0.5952,
            "height": 0.5
        },
        {
            "class_name": "banana",
            "x_center": 0.5456,
            "y_center": 0.49857142857142855,
            "width": 0.5856,
            "height": 0.74
        },
        {
            "class_name": "banana",
            "x_center": 0.5784,
            "y_center": 0.43714285714285717,
            "width": 0.5488,
            "height": 0.5828571428571429
        }
    ]
}