{
    "filename": "banana_2",
    "objects": [
        {
            "class_name": "banana",
            "x_center": 0.599,
            "y_center": 0.4648809523809524,
            "width": 0.596,
            "height": 0.794047619047619
        }
    ]
}