{
    "filename": "banana_54",
    "objects": [
        {
            "class_name": "banana",
            "x_center": 0.4482421875,
            "y_center": 0.5221354166666666,
            "width": 0.74609375,
            "height": 0.4453125
        },
        {
            "class_name": "banana",
            "x_center": 0.671875,
            "y_center": 0.6282552083333334,
            "width": 0.634765625,
            "height": 0.70703125
        },
        {
            "class_name": "banana",
            "x_center": 0.4052734375,
            "y_center": 0.4375,
            "width": 0.73828125,
            "height": 0.3880208333333333
        }
    ]
}