{
    "filename": "mixed_15",
    "objects": [
        {
            "class_name": "orange",
            "x_center": 0.5804166666666667,
            "y_center": 0.3208020050125313,
            "width": 0.3525,
            "height": 0.5338345864661654
        },
        {
            "class_name": "apple",
            "x_center": 0.3441666666666667,
            "y_center": 0.462406015037594,
            "width": 0.4,
            "height": 0.606516290726817
        },
        {
            "class_name": "banana",
            "x_center": 0.60625,
            "y_center": 0.6134085213032582,
            "width": 0.7408333333333333,
            "height": 0.6879699248120301
        }
    ]
}