{
    "filename": "mixed_6",
    "objects": [
        {
            "class_name": "orange",
            "x_center": 0.3171428571428571,
            "y_center": 0.34549356223175964,
            "width": 0.41714285714285715,
            "height": 0.6137339055793991
        },
        {
            "class_name": "banana",
            "x_center": 0.5142857142857142,
            "y_center": 0.8240343347639485,
            "width": 0.8742857142857143,
            "height": 0.351931330472103
        },
        {
            "class_name": "apple",
            "x_center": 0.7328571428571429,
            "y_center": 0.3283261802575107,
            "width": 0.3914285714285714,
            "height": 0.6223175965665236
        }
    ]
}