{
    "filename": "mixed_13",
    "objects": [
        {
            "class_name": "orange",
            "x_center": 0.3375,
            "y_center": 0.6775,
            "width": 0.33,
            "height": 0.5216666666666666
        },
        {
            "class_name": "apple",
            "x_center": 0.36125,
            "y_center": 0.37583333333333335,
            "width": 0.4,
            "height": 0.425
        },
        {
            "class_name": "banana",
            "x_center": 0.598125,
            "y_center": 0.30833333333333335,
            "width": 0.68625,
            "height": 0.5033333333333333
        }
    ]
}