{
    "filename": "mixed_5",
    "objects": [
        {
            "class_name": "orange",
            "x_center": 0.7353515625,
            "y_center": 0.35986328125,
            "width": 0.384765625,
            "height": 0.3720703125
        },
        {
            "class_name": "apple",
            "x_center": 0.26708984375,
            "y_center": 0.3486328125,
            "width": 0.3916015625,
            "height": 0.376953125
        },
        {
            "class_name": "banana",
            "x_center": 0.50537109375,
            "y_center": 0.7666015625,
            "width": 0.6650390625,
            "height": 0.353515625
        }
    ]
}