{
    "filename": "mixed_9",
    "objects": [
        {
            "class_name": "orange",
            "x_center": 0.6911111111111111,
            "y_center": 0.3191489361702128,
            "width": 0.39555555555555555,
            "height": 0.37872340425531914
        },
        {
            "class_name": "apple",
            "x_center": 0.2511111111111111,
            "y_center": 0.31170212765957445,
            "width": 0.37333333333333335,
            "height": 0.30425531914893617
        },
        {
            "class_name": "banana",
            "x_center": 0.5422222222222223,
            "y_center": 0.7531914893617021,
            "width": 0.6933333333333334,
            "height": 0.26382978723404255
        }
    ]
}