{
    "filename": "mixed_19",
    "objects": [
        {
            "class_name": "orange",
            "x_center": 0.15,
            "y_center": 0.7275985663082437,
            "width": 0.2733333333333333,
            "height": 0.3154121863799283
        },
        {
            "class_name": "orange",
            "x_center": 0.35833333333333334,
            "y_center": 0.6935483870967742,
            "width": 0.24333333333333335,
            "height": 0.26881720430107525
        },
        {
            "class_name": "banana",
            "x_center": 0.53,
            "y_center": 0.3225806451612903,
            "width": 0.7666666666666667,
            "height": 0.34408602150537637
        },
        {
            "class_name": "apple",
            "x_center": 0.7933333333333333,
            "y_center": 0.7974910394265233,
            "width": 0.31333333333333335,
            "height": 0.32616487455197135
        }
    ]
}