{
    "filename": "mixed_18",
    "objects": [
        {
            "class_name": "orange",
            "x_center": 0.2482893450635386,
            "y_center": 0.5161290322580645,
            "width": 0.3655913978494624,
            "height": 0.5542521994134897
        },
        {
            "class_name": "banana",
            "x_center": 0.5254154447702835,
            "y_center": 0.3533724340175953,
            "width": 0.6422287390029325,
            "height": 0.31378299120234604
        },
        {
            "class_name": "banana",
            "x_center": 0.5434995112414467,
            "y_center": 0.5997067448680352,
            "width": 0.5728250244379277,
            "height": 0.41642228739002934
        }
    ]
}