{
    "filename": "orange_10",
    "objects": [
        {
            "class_name": "orange",
            "x_center": 0.4035714285714286,
            "y_center": 0.4101796407185629,
            "width": 0.4357142857142857,
            "height": 0.7365269461077845
        },
        {
            "class_name": "orange",
            "x_center": 0.7392857142857143,
            "y_center": 0.46107784431137727,
            "width": 0.4857142857142857,
            "height": 0.8622754491017964
        }
    ]
}