{
    "filename": "orange_5",
    "objects": [
        {
            "class_name": "orange",
            "x_center": 0.3795454545454545,
            "y_center": 0.6486880466472303,
            "width": 0.5045454545454545,
            "height": 0.6384839650145773
        },
        {
            "class_name": "orange",
            "x_center": 0.7113636363636363,
            "y_center": 0.60932944606414,
            "width": 0.45454545454545453,
            "height": 0.6472303206997084
        }
    ]
}