{
    "filename": "orange_16",
    "objects": [
        {
            "class_name": "orange",
            "x_center": 0.4111111111111111,
            "y_center": 0.5234375,
            "width": 0.8044444444444444,
            "height": 0.7299107142857143
        }
    ]
}