{
    "filename": "orange_7",
    "objects": [
        {
            "class_name": "orange",
            "x_center": 0.2625,
            "y_center": 0.5191693290734825,
            "width": 0.4816666666666667,
            "height": 0.8178913738019169
        }
    ]
}