{
    "filename": "orange_8",
    "objects": [
        {
            "class_name": "orange",
            "x_center": 0.27,
            "y_center": 0.5292620865139949,
            "width": 0.4,
            "height": 0.6208651399491094
        },
        {
            "class_name": "orange",
            "x_center": 0.6966666666666667,
            "y_center": 0.5458015267175572,
            "width": 0.42333333333333334,
            "height": 0.6793893129770993
        }
    ]
}