{
    "filename": "242",
    "objects": [
        {
            "class_name": "drone",
            "x_center": 0.315625,
            "y_center": 0.478125,
            "width": 0.215625,
            "height": 0.17708333333333334
        }
    ]
}