{
    "filename": "243",
    "objects": [
        {
            "class_name": "drone",
            "x_center": 0.3984375,
            "y_center": 0.3927083333333333,
            "width": 0.103125,
            "height": 0.14375
        }
    ]
}