{
    "filename": "246",
    "objects": [
        {
            "class_name": "drone",
            "x_center": 0.30625,
            "y_center": 0.175,
            "width": 0.0375,
            "height": 0.04583333333333333
        }
    ]
}