{
    "filename": "262",
    "objects": [
        {
            "class_name": "drone",
            "x_center": 0.43203125,
            "y_center": 0.37916666666666665,
            "width": 0.0765625,
            "height": 0.1375
        }
    ]
}