{
    "filename": "273",
    "objects": [
        {
            "class_name": "drone",
            "x_center": 0.44609375,
            "y_center": 0.48020833333333335,
            "width": 0.5921875,
            "height": 0.6145833333333334
        }
    ]
}