{
    "filename": "280",
    "objects": [
        {
            "class_name": "drone",
            "x_center": 0.40234375,
            "y_center": 0.41875,
            "width": 0.5703125,
            "height": 0.7083333333333334
        }
    ]
}