{
    "filename": "286",
    "objects": [
        {
            "class_name": "drone",
            "x_center": 0.515625,
            "y_center": 0.5239583333333333,
            "width": 0.946875,
            "height": 0.9354166666666667
        }
    ]
}