{
    "filename": "295",
    "objects": [
        {
            "class_name": "drone",
            "x_center": 0.1234375,
            "y_center": 0.12708333333333333,
            "width": 0.040625,
            "height": 0.05
        }
    ]
}