{
    "filename": "298",
    "objects": [
        {
            "class_name": "drone",
            "x_center": 0.4796875,
            "y_center": 0.5229166666666667,
            "width": 0.75,
            "height": 0.8416666666666667
        }
    ]
}