{
    "filename": "316",
    "objects": [
        {
            "class_name": "drone",
            "x_center": 0.49765625,
            "y_center": 0.5854166666666667,
            "width": 0.7890625,
            "height": 0.5583333333333333
        }
    ]
}