{
    "filename": "322",
    "objects": [
        {
            "class_name": "drone",
            "x_center": 0.471875,
            "y_center": 0.4739583333333333,
            "width": 0.34375,
            "height": 0.39375
        }
    ]
}