{
    "filename": "327",
    "objects": [
        {
            "class_name": "drone",
            "x_center": 0.215625,
            "y_center": 0.20729166666666668,
            "width": 0.025,
            "height": 0.04375
        }
    ]
}