{
    "filename": "334",
    "objects": [
        {
            "class_name": "drone",
            "x_center": 0.48671875,
            "y_center": 0.4864583333333333,
            "width": 0.5953125,
            "height": 0.7770833333333333
        }
    ]
}