{
    "filename": "335",
    "objects": [
        {
            "class_name": "drone",
            "x_center": 0.42578125,
            "y_center": 0.3416666666666667,
            "width": 0.2171875,
            "height": 0.2
        }
    ]
}