{
    "filename": "337",
    "objects": [
        {
            "class_name": "drone",
            "x_center": 0.55390625,
            "y_center": 0.4479166666666667,
            "width": 0.4703125,
            "height": 0.4708333333333333
        }
    ]
}