{
    "filename": "338",
    "objects": [
        {
            "class_name": "drone",
            "x_center": 0.32734375,
            "y_center": 0.19166666666666668,
            "width": 0.1515625,
            "height": 0.15416666666666667
        },
        {
            "class_name": "drone",
            "x_center": 0.6359375,
            "y_center": 0.17083333333333334,
            "width": 0.128125,
            "height": 0.15
        }
    ]
}