{
    "filename": "339",
    "objects": [
        {
            "class_name": "drone",
            "x_center": 0.378125,
            "y_center": 0.6166666666666667,
            "width": 0.16875,
            "height": 0.175
        }
    ]
}