{
    "filename": "342",
    "objects": [
        {
            "class_name": "drone",
            "x_center": 0.29765625,
            "y_center": 0.13020833333333334,
            "width": 0.0484375,
            "height": 0.06458333333333334
        }
    ]
}