{
    "filename": "345",
    "objects": [
        {
            "class_name": "drone",
            "x_center": 0.10546875,
            "y_center": 0.23229166666666667,
            "width": 0.1421875,
            "height": 0.16875
        }
    ]
}