{
    "filename": "243.jpg",
    "width": 640,
    "height": 480,
    "objects": [
        {
            "class_name": "0",
            "x_center": 0.3984375,
            "y_center": 0.3927083333333333,
            "width": 0.103125,
            "height": 0.14375
        }
    ]
}