{
    "filename": "246.jpg",
    "width": 640,
    "height": 480,
    "objects": [
        {
            "class_name": "0",
            "x_center": 0.30625,
            "y_center": 0.175,
            "width": 0.0375,
            "height": 0.04583333333333333
        }
    ]
}