{
    "filename": "255.jpg",
    "width": 640,
    "height": 480,
    "objects": [
        {
            "class_name": "0",
            "x_center": 0.47578125,
            "y_center": 0.5166666666666667,
            "width": 0.3609375,
            "height": 0.4083333333333333
        }
    ]
}