{
    "filename": "262.jpg",
    "width": 640,
    "height": 480,
    "objects": [
        {
            "class_name": "0",
            "x_center": 0.43203125,
            "y_center": 0.37916666666666665,
            "width": 0.0765625,
            "height": 0.1375
        }
    ]
}