{
    "filename": "263.jpg",
    "width": 640,
    "height": 480,
    "objects": [
        {
            "class_name": "0",
            "x_center": 0.44765625,
            "y_center": 0.5020833333333333,
            "width": 0.4984375,
            "height": 0.5666666666666667
        }
    ]
}