{
    "filename": "267.jpg",
    "width": 640,
    "height": 480,
    "objects": [
        {
            "class_name": "0",
            "x_center": 0.425,
            "y_center": 0.33958333333333335,
            "width": 0.053125,
            "height": 0.058333333333333334
        }
    ]
}