{
    "filename": "273.jpg",
    "width": 640,
    "height": 480,
    "objects": [
        {
            "class_name": "0",
            "x_center": 0.44609375,
            "y_center": 0.48020833333333335,
            "width": 0.5921875,
            "height": 0.6145833333333334
        }
    ]
}