{
    "filename": "298.jpg",
    "width": 640,
    "height": 480,
    "objects": [
        {
            "class_name": "0",
            "x_center": 0.4796875,
            "y_center": 0.5229166666666667,
            "width": 0.75,
            "height": 0.8416666666666667
        }
    ]
}