{
    "filename": "304.jpg",
    "width": 640,
    "height": 480,
    "objects": [
        {
            "class_name": "0",
            "x_center": 0.45703125,
            "y_center": 0.5,
            "width": 0.3859375,
            "height": 0.6166666666666667
        }
    ]
}