{
    "filename": "316.jpg",
    "width": 640,
    "height": 480,
    "objects": [
        {
            "class_name": "0",
            "x_center": 0.49765625,
            "y_center": 0.5854166666666667,
            "width": 0.7890625,
            "height": 0.5583333333333333
        }
    ]
}