{
    "filename": "322.jpg",
    "width": 640,
    "height": 480,
    "objects": [
        {
            "class_name": "0",
            "x_center": 0.471875,
            "y_center": 0.4739583333333333,
            "width": 0.34375,
            "height": 0.39375
        }
    ]
}