{
    "filename": "334.jpg",
    "width": 640,
    "height": 480,
    "objects": [
        {
            "class_name": "0",
            "x_center": 0.48671875,
            "y_center": 0.4864583333333333,
            "width": 0.5953125,
            "height": 0.7770833333333333
        }
    ]
}