{
    "filename": "337.jpg",
    "width": 640,
    "height": 480,
    "objects": [
        {
            "class_name": "0",
            "x_center": 0.55390625,
            "y_center": 0.4479166666666667,
            "width": 0.4703125,
            "height": 0.4708333333333333
        }
    ]
}