{
    "filename": "339.jpg",
    "width": 640,
    "height": 480,
    "objects": [
        {
            "class_name": "0",
            "x_center": 0.378125,
            "y_center": 0.6166666666666667,
            "width": 0.16875,
            "height": 0.175
        }
    ]
}