{
    "filename": "345.jpg",
    "width": 640,
    "height": 480,
    "objects": [
        {
            "class_name": "0",
            "x_center": 0.10546875,
            "y_center": 0.23229166666666667,
            "width": 0.1421875,
            "height": 0.16875
        }
    ]
}