{
    "filename": "11",
    "objects": [
        {
            "class_name": "drone",
            "x_center": 0.59296875,
            "y_center": 0.5895833333333333,
            "width": 0.5453125,
            "height": 0.5333333333333333
        }
    ]
}