{
    "filename": "113",
    "objects": [
        {
            "class_name": "drone",
            "x_center": 0.09921875,
            "y_center": 0.22083333333333333,
            "width": 0.1484375,
            "height": 0.15416666666666667
        },
        {
            "class_name": "drone",
            "x_center": 0.67890625,
            "y_center": 0.3145833333333333,
            "width": 0.3828125,
            "height": 0.36666666666666664
        }
    ]
}