{
    "filename": "114",
    "objects": [
        {
            "class_name": "drone",
            "x_center": 0.3765625,
            "y_center": 0.48020833333333335,
            "width": 0.1875,
            "height": 0.20208333333333334
        }
    ]
}