{
    "filename": "119",
    "objects": [
        {
            "class_name": "drone",
            "x_center": 0.40234375,
            "y_center": 0.39166666666666666,
            "width": 0.0546875,
            "height": 0.04583333333333333
        }
    ]
}