{
    "filename": "126",
    "objects": [
        {
            "class_name": "drone",
            "x_center": 0.53359375,
            "y_center": 0.46041666666666664,
            "width": 0.7140625,
            "height": 0.5833333333333334
        }
    ]
}