{
    "filename": "128",
    "objects": [
        {
            "class_name": "drone",
            "x_center": 0.4453125,
            "y_center": 0.4864583333333333,
            "width": 0.053125,
            "height": 0.06041666666666667
        }
    ]
}