{
    "filename": "135",
    "objects": [
        {
            "class_name": "drone",
            "x_center": 0.50625,
            "y_center": 0.509375,
            "width": 0.69375,
            "height": 0.8104166666666667
        }
    ]
}