{
    "filename": "138",
    "objects": [
        {
            "class_name": "drone",
            "x_center": 0.21953125,
            "y_center": 0.55,
            "width": 0.0640625,
            "height": 0.07083333333333333
        }
    ]
}