{
    "filename": "156",
    "objects": [
        {
            "class_name": "drone",
            "x_center": 0.40546875,
            "y_center": 0.3125,
            "width": 0.0921875,
            "height": 0.08333333333333333
        }
    ]
}