{
    "filename": "166",
    "objects": [
        {
            "class_name": "drone",
            "x_center": 0.44921875,
            "y_center": 0.3770833333333333,
            "width": 0.0453125,
            "height": 0.058333333333333334
        }
    ]
}