{
    "filename": "185",
    "objects": [
        {
            "class_name": "drone",
            "x_center": 0.496875,
            "y_center": 0.484375,
            "width": 0.471875,
            "height": 0.36041666666666666
        }
    ]
}