{
    "filename": "195",
    "objects": [
        {
            "class_name": "drone",
            "x_center": 0.50234375,
            "y_center": 0.3416666666666667,
            "width": 0.5265625,
            "height": 0.5208333333333334
        }
    ]
}