{
    "filename": "197",
    "objects": [
        {
            "class_name": "drone",
            "x_center": 0.7828125,
            "y_center": 0.38958333333333334,
            "width": 0.13125,
            "height": 0.09583333333333334
        }
    ]
}