{
    "filename": "198",
    "objects": [
        {
            "class_name": "drone",
            "x_center": 0.55546875,
            "y_center": 0.46041666666666664,
            "width": 0.2796875,
            "height": 0.3
        }
    ]
}