{
    "filename": "200",
    "objects": [
        {
            "class_name": "drone",
            "x_center": 0.36953125,
            "y_center": 0.453125,
            "width": 0.0453125,
            "height": 0.07708333333333334
        }
    ]
}