{
    "filename": "216",
    "objects": [
        {
            "class_name": "drone",
            "x_center": 0.51328125,
            "y_center": 0.46041666666666664,
            "width": 0.4484375,
            "height": 0.625
        }
    ]
}