{
    "filename": "218",
    "objects": [
        {
            "class_name": "drone",
            "x_center": 0.3328125,
            "y_center": 0.14895833333333333,
            "width": 0.040625,
            "height": 0.04791666666666667
        }
    ]
}