{
    "filename": "220",
    "objects": [
        {
            "class_name": "drone",
            "x_center": 0.51640625,
            "y_center": 0.5520833333333334,
            "width": 0.4109375,
            "height": 0.3625
        }
    ]
}