{
    "filename": "223",
    "objects": [
        {
            "class_name": "drone",
            "x_center": 0.44921875,
            "y_center": 0.45729166666666665,
            "width": 0.0453125,
            "height": 0.06875
        }
    ]
}