{
    "filename": "241",
    "objects": [
        {
            "class_name": "drone",
            "x_center": 0.64765625,
            "y_center": 0.6895833333333333,
            "width": 0.5515625,
            "height": 0.5625
        }
    ]
}