{
    "filename": "25",
    "objects": [
        {
            "class_name": "drone",
            "x_center": 0.57734375,
            "y_center": 0.42916666666666664,
            "width": 0.4671875,
            "height": 0.4666666666666667
        }
    ]
}