{
    "filename": "28",
    "objects": [
        {
            "class_name": "drone",
            "x_center": 0.5765625,
            "y_center": 0.33229166666666665,
            "width": 0.209375,
            "height": 0.28541666666666665
        }
    ]
}