{
    "filename": "31",
    "objects": [
        {
            "class_name": "drone",
            "x_center": 0.428125,
            "y_center": 0.446875,
            "width": 0.06875,
            "height": 0.08541666666666667
        }
    ]
}