{
    "filename": "41",
    "objects": [
        {
            "class_name": "drone",
            "x_center": 0.5453125,
            "y_center": 0.5447916666666667,
            "width": 0.878125,
            "height": 0.8479166666666667
        }
    ]
}