{
    "filename": "42",
    "objects": [
        {
            "class_name": "drone",
            "x_center": 0.64453125,
            "y_center": 0.3875,
            "width": 0.6015625,
            "height": 0.5833333333333334
        }
    ]
}