{
    "filename": "51",
    "objects": [
        {
            "class_name": "drone",
            "x_center": 0.5609375,
            "y_center": 0.48333333333333334,
            "width": 0.63125,
            "height": 0.5791666666666667
        }
    ]
}