{
    "filename": "54",
    "objects": [
        {
            "class_name": "drone",
            "x_center": 0.409375,
            "y_center": 0.40625,
            "width": 0.50625,
            "height": 0.6791666666666667
        }
    ]
}