{
    "filename": "59",
    "objects": [
        {
            "class_name": "drone",
            "x_center": 0.48671875,
            "y_center": 0.5041666666666667,
            "width": 0.5953125,
            "height": 0.65
        }
    ]
}