{
    "filename": "65",
    "objects": [
        {
            "class_name": "drone",
            "x_center": 0.78828125,
            "y_center": 0.503125,
            "width": 0.1671875,
            "height": 0.24791666666666667
        }
    ]
}