{
    "filename": "72",
    "objects": [
        {
            "class_name": "drone",
            "x_center": 0.4171875,
            "y_center": 0.5333333333333333,
            "width": 0.05625,
            "height": 0.05416666666666667
        }
    ]
}