{
    "filename": "79",
    "objects": [
        {
            "class_name": "drone",
            "x_center": 0.43984375,
            "y_center": 0.49375,
            "width": 0.8265625,
            "height": 0.8541666666666666
        }
    ]
}