{
    "filename": "82",
    "objects": [
        {
            "class_name": "drone",
            "x_center": 0.55859375,
            "y_center": 0.46875,
            "width": 0.7015625,
            "height": 0.5208333333333334
        }
    ]
}