{
    "filename": "86",
    "objects": [
        {
            "class_name": "drone",
            "x_center": 0.4859375,
            "y_center": 0.47708333333333336,
            "width": 0.428125,
            "height": 0.4875
        }
    ]
}