{
    "filename": "92",
    "objects": [
        {
            "class_name": "drone",
            "x_center": 0.41640625,
            "y_center": 0.37916666666666665,
            "width": 0.1078125,
            "height": 0.2
        }
    ]
}