{
    "filename": "96",
    "objects": [
        {
            "class_name": "drone",
            "x_center": 0.5765625,
            "y_center": 0.5052083333333334,
            "width": 0.428125,
            "height": 0.6895833333333333
        }
    ]
}