{
    "filename": "11.jpg",
    "width": 640,
    "height": 480,
    "objects": [
        {
            "class_name": "0",
            "x_center": 0.59296875,
            "y_center": 0.5895833333333333,
            "width": 0.5453125,
            "height": 0.5333333333333333
        }
    ]
}