{
    "filename": "112.jpg",
    "width": 640,
    "height": 480,
    "objects": [
        {
            "class_name": "0",
            "x_center": 0.48828125,
            "y_center": 0.49166666666666664,
            "width": 0.7578125,
            "height": 0.7208333333333333
        }
    ]
}