{
    "filename": "114.jpg",
    "width": 640,
    "height": 480,
    "objects": [
        {
            "class_name": "0",
            "x_center": 0.3765625,
            "y_center": 0.48020833333333335,
            "width": 0.1875,
            "height": 0.20208333333333334
        }
    ]
}