{
    "filename": "119.jpg",
    "width": 640,
    "height": 480,
    "objects": [
        {
            "class_name": "0",
            "x_center": 0.40234375,
            "y_center": 0.39166666666666666,
            "width": 0.0546875,
            "height": 0.04583333333333333
        }
    ]
}