{
    "filename": "123.jpg",
    "width": 640,
    "height": 480,
    "objects": [
        {
            "class_name": "0",
            "x_center": 0.446875,
            "y_center": 0.478125,
            "width": 0.05,
            "height": 0.07291666666666667
        }
    ]
}