{
    "filename": "135.jpg",
    "width": 640,
    "height": 480,
    "objects": [
        {
            "class_name": "0",
            "x_center": 0.50625,
            "y_center": 0.509375,
            "width": 0.69375,
            "height": 0.8104166666666667
        }
    ]
}