{
    "filename": "138.jpg",
    "width": 640,
    "height": 480,
    "objects": [
        {
            "class_name": "0",
            "x_center": 0.21953125,
            "y_center": 0.55,
            "width": 0.0640625,
            "height": 0.07083333333333333
        }
    ]
}