{
    "filename": "151.jpg",
    "width": 640,
    "height": 480,
    "objects": [
        {
            "class_name": "0",
            "x_center": 0.49921875,
            "y_center": 0.28958333333333336,
            "width": 0.2296875,
            "height": 0.2125
        }
    ]
}