{
    "filename": "155.jpg",
    "width": 640,
    "height": 480,
    "objects": [
        {
            "class_name": "0",
            "x_center": 0.33984375,
            "y_center": 0.11770833333333333,
            "width": 0.0765625,
            "height": 0.11458333333333333
        }
    ]
}