{
    "filename": "156.jpg",
    "width": 640,
    "height": 480,
    "objects": [
        {
            "class_name": "0",
            "x_center": 0.40546875,
            "y_center": 0.3125,
            "width": 0.0921875,
            "height": 0.08333333333333333
        }
    ]
}