{
    "filename": "166.jpg",
    "width": 640,
    "height": 480,
    "objects": [
        {
            "class_name": "0",
            "x_center": 0.44921875,
            "y_center": 0.3770833333333333,
            "width": 0.0453125,
            "height": 0.058333333333333334
        }
    ]
}