{
    "filename": "176.jpg",
    "width": 640,
    "height": 480,
    "objects": [
        {
            "class_name": "0",
            "x_center": 0.51796875,
            "y_center": 0.5604166666666667,
            "width": 0.7546875,
            "height": 0.7083333333333334
        }
    ]
}