{
    "filename": "185.jpg",
    "width": 640,
    "height": 480,
    "objects": [
        {
            "class_name": "0",
            "x_center": 0.496875,
            "y_center": 0.484375,
            "width": 0.471875,
            "height": 0.36041666666666666
        }
    ]
}