{
    "filename": "197.jpg",
    "width": 640,
    "height": 480,
    "objects": [
        {
            "class_name": "0",
            "x_center": 0.7828125,
            "y_center": 0.38958333333333334,
            "width": 0.13125,
            "height": 0.09583333333333334
        }
    ]
}