{
    "filename": "198.jpg",
    "width": 640,
    "height": 480,
    "objects": [
        {
            "class_name": "0",
            "x_center": 0.55546875,
            "y_center": 0.46041666666666664,
            "width": 0.2796875,
            "height": 0.3
        }
    ]
}