{
    "filename": "216.jpg",
    "width": 640,
    "height": 480,
    "objects": [
        {
            "class_name": "0",
            "x_center": 0.51328125,
            "y_center": 0.46041666666666664,
            "width": 0.4484375,
            "height": 0.625
        }
    ]
}