{
    "filename": "220.jpg",
    "width": 640,
    "height": 480,
    "objects": [
        {
            "class_name": "0",
            "x_center": 0.51640625,
            "y_center": 0.5520833333333334,
            "width": 0.4109375,
            "height": 0.3625
        }
    ]
}