{
    "filename": "223.jpg",
    "width": 640,
    "height": 480,
    "objects": [
        {
            "class_name": "0",
            "x_center": 0.44921875,
            "y_center": 0.45729166666666665,
            "width": 0.0453125,
            "height": 0.06875
        }
    ]
}