{
    "filename": "23.jpg",
    "width": 640,
    "height": 480,
    "objects": [
        {
            "class_name": "0",
            "x_center": 0.5390625,
            "y_center": 0.6010416666666667,
            "width": 0.66875,
            "height": 0.48125
        }
    ]
}