{
    "filename": "231.jpg",
    "width": 640,
    "height": 480,
    "objects": [
        {
            "class_name": "0",
            "x_center": 0.2359375,
            "y_center": 0.14375,
            "width": 0.0375,
            "height": 0.05416666666666667
        }
    ]
}