{
    "filename": "241.jpg",
    "width": 640,
    "height": 480,
    "objects": [
        {
            "class_name": "0",
            "x_center": 0.64765625,
            "y_center": 0.6895833333333333,
            "width": 0.5515625,
            "height": 0.5625
        }
    ]
}