{
    "filename": "25.jpg",
    "width": 640,
    "height": 480,
    "objects": [
        {
            "class_name": "0",
            "x_center": 0.57734375,
            "y_center": 0.42916666666666664,
            "width": 0.4671875,
            "height": 0.4666666666666667
        }
    ]
}