{
    "filename": "28.jpg",
    "width": 640,
    "height": 480,
    "objects": [
        {
            "class_name": "0",
            "x_center": 0.5765625,
            "y_center": 0.33229166666666665,
            "width": 0.209375,
            "height": 0.28541666666666665
        }
    ]
}