{
    "filename": "31.jpg",
    "width": 640,
    "height": 480,
    "objects": [
        {
            "class_name": "0",
            "x_center": 0.428125,
            "y_center": 0.446875,
            "width": 0.06875,
            "height": 0.08541666666666667
        }
    ]
}