{
    "filename": "32.jpg",
    "width": 640,
    "height": 480,
    "objects": [
        {
            "class_name": "0",
            "x_center": 0.26015625,
            "y_center": 0.209375,
            "width": 0.0203125,
            "height": 0.03125
        }
    ]
}