{
    "filename": "34.jpg",
    "width": 640,
    "height": 480,
    "objects": [
        {
            "class_name": "0",
            "x_center": 0.51875,
            "y_center": 0.5645833333333333,
            "width": 0.678125,
            "height": 0.5625
        }
    ]
}