{
    "filename": "37.jpg",
    "width": 640,
    "height": 480,
    "objects": [
        {
            "class_name": "0",
            "x_center": 0.39921875,
            "y_center": 0.546875,
            "width": 0.0484375,
            "height": 0.05625
        }
    ]
}