{
    "filename": "4.jpg",
    "width": 640,
    "height": 480,
    "objects": [
        {
            "class_name": "0",
            "x_center": 0.50234375,
            "y_center": 0.49583333333333335,
            "width": 0.7078125,
            "height": 0.7833333333333333
        }
    ]
}