{
    "filename": "41.jpg",
    "width": 640,
    "height": 480,
    "objects": [
        {
            "class_name": "0",
            "x_center": 0.5453125,
            "y_center": 0.5447916666666667,
            "width": 0.878125,
            "height": 0.8479166666666667
        }
    ]
}