{
    "filename": "54.jpg",
    "width": 640,
    "height": 480,
    "objects": [
        {
            "class_name": "0",
            "x_center": 0.409375,
            "y_center": 0.40625,
            "width": 0.50625,
            "height": 0.6791666666666667
        }
    ]
}