{
    "filename": "56.jpg",
    "width": 640,
    "height": 480,
    "objects": [
        {
            "class_name": "0",
            "x_center": 0.58828125,
            "y_center": 0.39479166666666665,
            "width": 0.1171875,
            "height": 0.13958333333333334
        },
        {
            "class_name": "0",
            "x_center": 0.209375,
            "y_center": 0.27708333333333335,
            "width": 0.1625,
            "height": 0.14583333333333334
        }
    ]
}