{
    "filename": "59.jpg",
    "width": 640,
    "height": 480,
    "objects": [
        {
            "class_name": "0",
            "x_center": 0.48671875,
            "y_center": 0.5041666666666667,
            "width": 0.5953125,
            "height": 0.65
        }
    ]
}