{
    "filename": "65.jpg",
    "width": 640,
    "height": 480,
    "objects": [
        {
            "class_name": "0",
            "x_center": 0.78828125,
            "y_center": 0.503125,
            "width": 0.1671875,
            "height": 0.24791666666666667
        }
    ]
}