{
    "filename": "68.jpg",
    "width": 640,
    "height": 480,
    "objects": [
        {
            "class_name": "0",
            "x_center": 0.3625,
            "y_center": 0.409375,
            "width": 0.1875,
            "height": 0.22291666666666668
        }
    ]
}