{
    "filename": "72.jpg",
    "width": 640,
    "height": 480,
    "objects": [
        {
            "class_name": "0",
            "x_center": 0.4171875,
            "y_center": 0.5333333333333333,
            "width": 0.05625,
            "height": 0.05416666666666667
        }
    ]
}