{
    "filename": "82.jpg",
    "width": 640,
    "height": 480,
    "objects": [
        {
            "class_name": "0",
            "x_center": 0.55859375,
            "y_center": 0.46875,
            "width": 0.7015625,
            "height": 0.5208333333333334
        }
    ]
}