{
    "filename": "83.jpg",
    "width": 640,
    "height": 480,
    "objects": [
        {
            "class_name": "0",
            "x_center": 0.57578125,
            "y_center": 0.609375,
            "width": 0.2265625,
            "height": 0.27708333333333335
        }
    ]
}