{
    "filename": "86.jpg",
    "width": 640,
    "height": 480,
    "objects": [
        {
            "class_name": "0",
            "x_center": 0.4859375,
            "y_center": 0.47708333333333336,
            "width": 0.428125,
            "height": 0.4875
        }
    ]
}