{
    "filename": "92.jpg",
    "width": 640,
    "height": 480,
    "objects": [
        {
            "class_name": "0",
            "x_center": 0.41640625,
            "y_center": 0.37916666666666665,
            "width": 0.1078125,
            "height": 0.2
        }
    ]
}