{
    "filename": "96.jpg",
    "width": 640,
    "height": 480,
    "objects": [
        {
            "class_name": "0",
            "x_center": 0.5765625,
            "y_center": 0.5052083333333334,
            "width": 0.428125,
            "height": 0.6895833333333333
        }
    ]
}