{
    "filename": "apple_95",
    "objects": [
        {
            "class_name": "apple",
            "x_center": 0.3033854166666667,
            "y_center": 0.6945833333333333,
            "width": 0.37864583333333335,
            "height": 0.5658333333333333
        },
        {
            "class_name": "apple",
            "x_center": 0.6763020833333333,
            "y_center": 0.7383333333333333,
            "width": 0.38385416666666666,
            "height": 0.48
        },
        {
            "class_name": "apple",
            "x_center": 0.2140625,
            "y_center": 0.5283333333333333,
            "width": 0.346875,
            "height": 0.5183333333333333
        },
        {
            "class_name": "apple",
            "x_center": 0.8135416666666667,
            "y_center": 0.5116666666666667,
            "width": 0.34791666666666665,
            "height": 0.5033333333333333
        }
    ]
}