{
    "filename": "apple_83",
    "objects": [
        {
            "class_name": "apple",
            "x_center": 0.496875,
            "y_center": 0.4959731543624161,
            "width": 0.99125,
            "height": 0.9892617449664429
        }
    ]
}