{
    "filename": "apple_94",
    "objects": [
        {
            "class_name": "apple",
            "x_center": 0.39895988112927194,
            "y_center": 0.5993303571428571,
            "width": 0.4323922734026746,
            "height": 0.7075892857142857
        },
        {
            "class_name": "apple",
            "x_center": 0.725111441307578,
            "y_center": 0.27120535714285715,
            "width": 0.4457652303120357,
            "height": 0.5379464285714286
        }
    ]
}