{
    "filename": "apple_81",
    "objects": [
        {
            "class_name": "apple",
            "x_center": 0.486,
            "y_center": 0.60863350485992,
            "width": 0.8786666666666667,
            "height": 0.7621497998856489
        }
    ]
}