{
    "filename": "apple_84",
    "objects": [
        {
            "class_name": "apple",
            "x_center": 0.32235294117647056,
            "y_center": 0.47876106194690266,
            "width": 0.49411764705882355,
            "height": 0.6601769911504425
        },
        {
            "class_name": "apple",
            "x_center": 0.8235294117647058,
            "y_center": 0.35398230088495575,
            "width": 0.35294117647058826,
            "height": 0.552212389380531
        },
        {
            "class_name": "apple",
            "x_center": 0.4447058823529412,
            "y_center": 0.2424778761061947,
            "width": 0.4258823529411765,
            "height": 0.4814159292035398
        }
    ]
}