{
    "filename": "apple_86",
    "objects": [
        {
            "class_name": "apple",
            "x_center": 0.3352941176470588,
            "y_center": 0.6294326241134752,
            "width": 0.14352941176470588,
            "height": 0.2375886524822695
        },
        {
            "class_name": "apple",
            "x_center": 0.6729411764705883,
            "y_center": 0.6294326241134752,
            "width": 0.16941176470588235,
            "height": 0.26595744680851063
        }
    ]
}