{
    "filename": "banana_86",
    "objects": [
        {
            "class_name": "banana",
            "x_center": 0.4727272727272727,
            "y_center": 0.5282828282828282,
            "width": 0.4712121212121212,
            "height": 0.8262626262626263
        },
        {
            "class_name": "banana",
            "x_center": 0.5602272727272727,
            "y_center": 0.5098484848484849,
            "width": 0.5128787878787879,
            "height": 0.8893939393939394
        },
        {
            "class_name": "banana",
            "x_center": 0.2943181818181818,
            "y_center": 0.5146464646464647,
            "width": 0.3840909090909091,
            "height": 0.7353535353535353
        }
    ]
}