{
    "filename": "banana_83",
    "objects": [
        {
            "class_name": "banana",
            "x_center": 0.49444444444444446,
            "y_center": 0.4788732394366197,
            "width": 0.7888888888888889,
            "height": 0.8619718309859155
        }
    ]
}