{
    "filename": "banana_90",
    "objects": [
        {
            "class_name": "banana",
            "x_center": 0.35605170387779084,
            "y_center": 0.6255230125523012,
            "width": 0.42538190364277323,
            "height": 0.7196652719665272
        },
        {
            "class_name": "banana",
            "x_center": 0.5305522914218567,
            "y_center": 0.5460251046025104,
            "width": 0.5628672150411281,
            "height": 0.6108786610878661
        },
        {
            "class_name": "banana",
            "x_center": 0.5763807285546416,
            "y_center": 0.3880753138075314,
            "width": 0.5934195064629847,
            "height": 0.45397489539748953
        }
    ]
}