{
    "filename": "banana_85",
    "objects": [
        {
            "class_name": "banana",
            "x_center": 0.5638297872340425,
            "y_center": 0.44189907038512616,
            "width": 0.814856289660321,
            "height": 0.4893758300132802
        }
    ]
}