{
    "filename": "banana_84",
    "objects": [
        {
            "class_name": "banana",
            "x_center": 0.4907692307692308,
            "y_center": 0.6693989071038251,
            "width": 0.72,
            "height": 0.5846994535519126
        }
    ]
}