{
    "filename": "mixed_24",
    "objects": [
        {
            "class_name": "apple",
            "x_center": 0.42282608695652174,
            "y_center": 0.41923076923076924,
            "width": 0.35434782608695653,
            "height": 0.5615384615384615
        },
        {
            "class_name": "banana",
            "x_center": 0.7956521739130434,
            "y_center": 0.65,
            "width": 0.3739130434782609,
            "height": 0.6615384615384615
        },
        {
            "class_name": "banana",
            "x_center": 0.6521739130434783,
            "y_center": 0.5653846153846154,
            "width": 0.48695652173913045,
            "height": 0.5384615384615384
        },
        {
            "class_name": "banana",
            "x_center": 0.616304347826087,
            "y_center": 0.48846153846153845,
            "width": 0.48478260869565215,
            "height": 0.3769230769230769
        }
    ]
}