{
    "filename": "orange_91",
    "objects": [
        {
            "class_name": "orange",
            "x_center": 0.5025,
            "y_center": 0.48150887573964496,
            "width": 0.59,
            "height": 0.6908284023668639
        }
    ]
}