{
    "filename": "orange_86",
    "objects": [
        {
            "class_name": "orange",
            "x_center": 0.5541666666666667,
            "y_center": 0.6930555555555555,
            "width": 0.42083333333333334,
            "height": 0.48055555555555557
        },
        {
            "class_name": "orange",
            "x_center": 0.19791666666666666,
            "y_center": 0.5083333333333333,
            "width": 0.39166666666666666,
            "height": 0.46111111111111114
        },
        {
            "class_name": "orange",
            "x_center": 0.5166666666666667,
            "y_center": 0.4513888888888889,
            "width": 0.3375,
            "height": 0.41388888888888886
        }
    ]
}