{
    "filename": "orange_85",
    "objects": [
        {
            "class_name": "orange",
            "x_center": 0.49459876543209874,
            "y_center": 0.5920138888888888,
            "width": 0.8410493827160493,
            "height": 0.6423611111111112
        }
    ]
}