{
    "filename": "orange_81",
    "objects": [
        {
            "class_name": "orange",
            "x_center": 0.2684615384615385,
            "y_center": 0.5535353535353535,
            "width": 0.3984615384615385,
            "height": 0.5272727272727272
        },
        {
            "class_name": "orange",
            "x_center": 0.6557692307692308,
            "y_center": 0.49797979797979797,
            "width": 0.45,
            "height": 0.5575757575757576
        },
        {
            "class_name": "orange",
            "x_center": 0.42653846153846153,
            "y_center": 0.296969696969697,
            "width": 0.35615384615384615,
            "height": 0.5191919191919192
        }
    ]
}