{
    "filename": "orange_79",
    "objects": [
        {
            "class_name": "orange",
            "x_center": 0.2576470588235294,
            "y_center": 0.648235294117647,
            "width": 0.43529411764705883,
            "height": 0.3788235294117647
        },
        {
            "class_name": "orange",
            "x_center": 0.6776470588235294,
            "y_center": 0.6729411764705883,
            "width": 0.41411764705882353,
            "height": 0.37176470588235294
        },
        {
            "class_name": "orange",
            "x_center": 0.72,
            "y_center": 0.3164705882352941,
            "width": 0.3905882352941176,
            "height": 0.38823529411764707
        },
        {
            "class_name": "orange",
            "x_center": 0.7917647058823529,
            "y_center": 0.49529411764705883,
            "width": 0.3552941176470588,
            "height": 0.25176470588235295
        }
    ]
}