{
    "filename": "orange_87",
    "objects": [
        {
            "class_name": "orange",
            "x_center": 0.20995670995670995,
            "y_center": 0.6522222222222223,
            "width": 0.329004329004329,
            "height": 0.34444444444444444
        },
        {
            "class_name": "orange",
            "x_center": 0.38095238095238093,
            "y_center": 0.5222222222222223,
            "width": 0.2943722943722944,
            "height": 0.3333333333333333
        },
        {
            "class_name": "orange",
            "x_center": 0.7337662337662337,
            "y_center": 0.5255555555555556,
            "width": 0.329004329004329,
            "height": 0.31333333333333335
        }
    ]
}