{
    "filename": "apple_78.jpg",
    "width": 350,
    "height": 350,
    "objects": [
        {
            "class_name": "apple",
            "x_center": 0.5057142857142857,
            "y_center": 0.49142857142857144,
            "width": 0.9542857142857143,
            "height": 0.9371428571428572
        }
    ]
}