{
    "filename": "apple_80.jpg",
    "width": 600,
    "height": 500,
    "objects": [
        {
            "class_name": "apple",
            "x_center": 0.5066666666666667,
            "y_center": 0.541,
            "width": 0.49666666666666665,
            "height": 0.662
        }
    ]
}