{
    "filename": "apple_89.jpg",
    "width": 319,
    "height": 364,
    "objects": [
        {
            "class_name": "apple",
            "x_center": 0.46551724137931033,
            "y_center": 0.5645604395604396,
            "width": 0.8119122257053292,
            "height": 0.7554945054945055
        }
    ]
}