{
    "filename": "apple_88.jpg",
    "width": 1300,
    "height": 1300,
    "objects": [
        {
            "class_name": "apple",
            "x_center": 0.4634615384615385,
            "y_center": 0.6496153846153846,
            "width": 0.5546153846153846,
            "height": 0.5915384615384616
        }
    ]
}