{
    "filename": "apple_90.jpg",
    "width": 1814,
    "height": 2000,
    "objects": [
        {
            "class_name": "apple",
            "x_center": 0.5055126791620728,
            "y_center": 0.5085,
            "width": 0.9470782800441014,
            "height": 0.893
        }
    ]
}