{
    "filename": "apple_91.jpg",
    "width": 960,
    "height": 573,
    "objects": [
        {
            "class_name": "apple",
            "x_center": 0.4947916666666667,
            "y_center": 0.49040139616055844,
            "width": 0.5166666666666667,
            "height": 0.7643979057591623
        }
    ]
}