{
    "filename": "banana_93.jpg",
    "width": 450,
    "height": 450,
    "objects": [
        {
            "class_name": "banana",
            "x_center": 0.5344444444444445,
            "y_center": 0.2822222222222222,
            "width": 0.6244444444444445,
            "height": 0.28
        },
        {
            "class_name": "banana",
            "x_center": 0.5277777777777778,
            "y_center": 0.7611111111111111,
            "width": 0.6333333333333333,
            "height": 0.2777777777777778
        }
    ]
}