{
    "filename": "banana_92.jpg",
    "width": 344,
    "height": 355,
    "objects": [
        {
            "class_name": "banana",
            "x_center": 0.49127906976744184,
            "y_center": 0.5140845070422535,
            "width": 0.9534883720930233,
            "height": 0.9605633802816902
        }
    ]
}