{
    "filename": "banana_88.jpg",
    "width": 732,
    "height": 549,
    "objects": [
        {
            "class_name": "banana",
            "x_center": 0.537568306010929,
            "y_center": 0.5163934426229508,
            "width": 0.5204918032786885,
            "height": 0.6138433515482696
        }
    ]
}