{
    "filename": "banana_78.jpg",
    "width": 361,
    "height": 360,
    "objects": [
        {
            "class_name": "banana",
            "x_center": 0.6537396121883656,
            "y_center": 0.5611111111111111,
            "width": 0.4099722991689751,
            "height": 0.8444444444444444
        },
        {
            "class_name": "banana",
            "x_center": 0.4168975069252078,
            "y_center": 0.5055555555555555,
            "width": 0.3850415512465374,
            "height": 0.9222222222222223
        }
    ]
}