{
    "filename": "banana_79.jpg",
    "width": 1300,
    "height": 797,
    "objects": [
        {
            "class_name": "banana",
            "x_center": 0.49115384615384616,
            "y_center": 0.5558343789209536,
            "width": 0.9130769230769231,
            "height": 0.5395232120451694
        }
    ]
}