{
    "filename": "banana_77.jpg",
    "width": 300,
    "height": 360,
    "objects": [
        {
            "class_name": "banana",
            "x_center": 0.4583333333333333,
            "y_center": 0.4986111111111111,
            "width": 0.7233333333333334,
            "height": 0.9361111111111111
        }
    ]
}