{
    "filename": "banana_94.jpg",
    "width": 355,
    "height": 312,
    "objects": [
        {
            "class_name": "banana",
            "x_center": 0.4915492957746479,
            "y_center": 0.5016025641025641,
            "width": 0.9774647887323944,
            "height": 0.9775641025641025
        }
    ]
}