{
    "filename": "orange_92.jpg",
    "width": 390,
    "height": 254,
    "objects": [
        {
            "class_name": "orange",
            "x_center": 0.6897435897435897,
            "y_center": 0.4311023622047244,
            "width": 0.48717948717948717,
            "height": 0.7047244094488189
        }
    ]
}