{
    "filename": "orange_84.jpg",
    "width": 460,
    "height": 360,
    "objects": [
        {
            "class_name": "orange",
            "x_center": 0.6152173913043478,
            "y_center": 0.44722222222222224,
            "width": 0.6,
            "height": 0.6944444444444444
        }
    ]
}