{
    "filename": "orange_80.jpg",
    "width": 1500,
    "height": 1125,
    "objects": [
        {
            "class_name": "orange",
            "x_center": 0.3576666666666667,
            "y_center": 0.5102222222222222,
            "width": 0.5153333333333333,
            "height": 0.7271111111111112
        }
    ]
}