{
    "filename": "orange_93.jpg",
    "width": 282,
    "height": 188,
    "objects": [
        {
            "class_name": "orange",
            "x_center": 0.32978723404255317,
            "y_center": 0.5771276595744681,
            "width": 0.3546099290780142,
            "height": 0.5478723404255319
        },
        {
            "class_name": "orange",
            "x_center": 0.7039007092198581,
            "y_center": 0.5957446808510638,
            "width": 0.35815602836879434,
            "height": 0.5319148936170213
        }
    ]
}