{
    "filename": "orange_77.jpg",
    "width": 732,
    "height": 549,
    "objects": [
        {
            "class_name": "orange",
            "x_center": 0.08948087431693989,
            "y_center": 0.3843351548269581,
            "width": 0.1762295081967213,
            "height": 0.3205828779599271
        },
        {
            "class_name": "orange",
            "x_center": 0.6400273224043715,
            "y_center": 0.1320582877959927,
            "width": 0.24453551912568305,
            "height": 0.2604735883424408
        }
    ]
}