{
    "filename": "orange_89.jpg",
    "width": 1200,
    "height": 900,
    "objects": [
        {
            "class_name": "orange",
            "x_center": 0.2629166666666667,
            "y_center": 0.38222222222222224,
            "width": 0.36083333333333334,
            "height": 0.5511111111111111
        },
        {
            "class_name": "orange",
            "x_center": 0.7395833333333334,
            "y_center": 0.5033333333333333,
            "width": 0.3925,
            "height": 0.5711111111111111
        },
        {
            "class_name": "orange",
            "x_center": 0.5025,
            "y_center": 0.3516666666666667,
            "width": 0.28833333333333333,
            "height": 0.4633333333333333
        }
    ]
}